City,Country,Max Temp,Current Description,Lat,Lng,Hotel Name
Atuona,PF,80.64,clear sky,-9.8,-139.03,Villa Enata
Aras,ES,84.2,clear sky,42.56,-2.36,Jardines de Viana Spa
Saint George,US,84.0,clear sky,37.1,-113.58,Best Western Plus Abbey Inn
Vaini,TO,69.8,few clouds,-21.2,-175.2,Keleti Beach Resort
Chuy,UY,63.82,clear sky,-33.7,-53.46,Nuevo Hotel Plaza
Souillac,MU,77.0,shower rain,-20.52,57.52,Bils' Villa
East London,ZA,77.0,clear sky,-33.02,27.91,Tu Casa
Jawhar,SO,81.55,overcast clouds,2.78,45.5,hantiwadaag village part one
Rikitea,PF,76.37,light rain,-23.12,-134.97,Pension Maro'i
Busselton,AU,62.01,light rain,-33.65,115.33,Observatory Guest House
San Policarpo,PH,82.99,clear sky,12.18,125.51,Zal-Ann Beach Resort
Kavieng,PG,81.59,moderate rain,-2.57,150.8,Nusa Island Retreat
Katsuura,JP,66.2,broken clouds,35.13,140.3,Katsuura Hotel Mikazuki
Rreshen,AL,69.8,broken clouds,41.77,19.88,KTHELLA Resort
Vila Velha,BR,78.8,clear sky,-20.33,-40.29,Hotel Vitória Palace
Butaritari,KI,82.22,clear sky,3.07,172.79,Isles Sunset Lodge
Nicoya,CR,80.6,broken clouds,10.15,-85.45,Guayacan Real
Cape Town,ZA,60.01,moderate rain,-33.93,18.42,Southern Sun Waterfront Cape Town
Port-Gentil,GA,86.0,scattered clouds,-0.72,8.78,Fengshui Residence
Dombarovskiy,RU,81.27,light rain,50.76,59.54,
Hithadhoo,MV,84.16,light rain,-0.6,73.08,Scoop Guest House
Coahuayana,MX,73.4,few clouds,18.73,-103.68,Hotel Los Arcos
Beidao,CN,61.36,overcast clouds,34.57,105.89,Shell Tianshui Maiji District Erma Road Walking Street Hotel
Richards Bay,ZA,66.87,clear sky,-28.78,32.04,BON Hotel Waterfront Richards Bay
San-Pedro,CI,83.16,light rain,4.75,-6.64,Hotel Maria
Hun,LY,85.28,clear sky,29.13,15.95,Alrwasi Hotel
Livingstonia,MW,68.43,light rain,-10.61,34.11,Stone House Guest House
Buchanan,LR,89.6,broken clouds,5.88,-10.05,Kamaneahn Hotel Inc
Lebu,CL,54.09,scattered clouds,-37.62,-73.65,Hostal Las Lilas
Luderitz,"""NA""",73.4,clear sky,-26.65,15.16,LÜDERITZ NEST HOTEL
Sitka,US,55.4,broken clouds,57.05,-135.33,Westmark Sitka
Tautira,PF,77.0,clear sky,-17.73,-149.15,Pension Oaoa
Kapaa,US,75.2,broken clouds,22.08,-159.32,Sheraton Kauai Resort at Coconut Beach
Sao Raimundo Das Mangabeiras,BR,87.89,broken clouds,-7.02,-45.48,Hotel Tropical
Northam,GB,69.01,broken clouds,51.03,-4.22,Durrant House Hotel
Hambantota,LK,82.04,light rain,6.12,81.12,Bungalow 63
Nikolskoye,RU,59.0,broken clouds,59.7,30.79,Tourist House - Sablino
Siocon,PH,80.85,broken clouds,7.71,122.14,MSWDO
Albany,US,77.0,broken clouds,42.6,-73.97,
Lazurne,UA,59.0,few clouds,46.08,32.53,New Manna Hostel
Mar Del Plata,AR,60.01,overcast clouds,-38.0,-57.56,Gran Hotel Mar del Plata habitaciones
Ocos,GT,82.4,scattered clouds,14.51,-92.19,La Bajadita
Khryashchevka,RU,69.8,clear sky,53.81,49.09,
Ergani,TR,86.0,scattered clouds,38.27,39.76,Serkan Hotel
Barabinsk,RU,58.87,scattered clouds,55.36,78.36,"Gostinitsa ""Noy"""
Puerto Ayora,EC,75.99,broken clouds,-0.74,-90.35,Finch Bay Galapagos Hotel
Azua,DO,87.8,broken clouds,18.45,-70.73,Cabañas Sexy Home
Komsomolskiy,UZ,86.0,light thunderstorm,40.43,71.72,"Hotel ""Ikathouse"""
Yining,CN,71.4,broken clouds,29.04,114.56,Xiushui Hotel
Faanui,PF,81.34,light rain,-16.48,-151.75,Bora-Bora Pearl Beach Resort & Spa
Bredasdorp,ZA,69.8,overcast clouds,-34.53,20.04,Bredasdorp Country Manor
Hilo,US,73.4,broken clouds,19.73,-155.09,Hilo Hawaiian Hotel
Enterprise,US,88.0,clear sky,36.03,-115.24,Highland Inn Las Vegas
Letterkenny,IE,77.0,overcast clouds,54.95,-7.73,Mount Errigal Hotel
Howick,ZA,64.99,clear sky,-29.48,30.23,Skyblu
Megion,RU,59.0,overcast clouds,61.03,76.11,Komfort Hotel
Isla Mujeres,MX,86.0,broken clouds,21.23,-86.73,Hotel La Joya Isla Mujeres
Zverinogolovskoye,RU,70.39,light rain,54.46,64.85,
Hobart,AU,55.99,overcast clouds,-42.88,147.33,St Ives Apartments
Xacmaz,AZ,70.0,broken clouds,41.46,48.81,SAHİL HOTEL
Joensuu,FI,62.6,clear sky,62.6,29.76,Greenstar Hotels Oy
Terrace Bay,CA,53.6,mist,48.78,-87.1,Drifters Motel & Restaurant
Cabo San Lucas,MX,79.0,clear sky,22.89,-109.91,Hotel Tesoro Los Cabos
Port Alfred,ZA,68.0,overcast clouds,-33.59,26.89,The Halyards Hotel
Jamestown,US,68.0,heavy intensity rain,42.1,-79.24,Hampton Inn & Suites Jamestown
Santa Maria,BR,70.14,clear sky,-29.68,-53.81,Hotel Morotin
Airai,TL,59.5,scattered clouds,-8.93,125.41,Juvinal Martin
Hurghada,EG,89.6,broken clouds,27.26,33.81,Sea Star Beau Rivage Hotel
Saint-Philippe,RE,75.2,scattered clouds,-21.36,55.77,"Chambres d'hôte ""La Trinité"""
Pacific Grove,US,55.4,overcast clouds,36.62,-121.92,Lovers Point Inn
Hermanus,ZA,57.0,light rain,-34.42,19.23,Misty Waves Boutique Hotel
Tura,IN,72.39,clear sky,25.52,90.22,Hotel RIKMAN Continental
Tarauaca,BR,84.0,scattered clouds,-8.16,-70.77,Flat Temporada
New Norfolk,AU,53.01,overcast clouds,-42.78,147.06,The Shingles Riverside Cottages
Dingle,PH,81.07,overcast clouds,11.0,122.67,Camp Pasica
Kapiri Mposhi,ZM,75.83,clear sky,-13.97,28.68,MA 22 LODGE
Lebanon,US,73.99,few clouds,36.21,-86.29,Hampton Inn & Suites Lebanon
Esperance,AU,57.2,clear sky,-33.87,121.9,Hospitality Esperance
Torbay,CA,60.8,broken clouds,47.67,-52.73,Gallows Cove
Yangambi,CD,86.7,overcast clouds,0.81,24.43,
Kalmunai,LK,83.16,scattered clouds,7.42,81.82,VS Villa
Cidreira,BR,65.62,clear sky,-30.18,-50.21,Novomar Pousada e Turismo Ltda
Ribeira Grande,PT,64.4,scattered clouds,38.52,-28.7,Quinta da Meia Eira
Carnarvon,AU,66.87,clear sky,-24.87,113.63,Hospitality Carnarvon
Tiruchchendur,IN,86.25,overcast clouds,8.48,78.12,Hotel Udhayam International
Tanete,ID,76.08,overcast clouds,-3.94,119.78,Wisma Tri Multi
Saint-Pierre,RE,75.2,clear sky,-21.34,55.48,Lindsey Hôtel
Brazzaville,CG,87.8,scattered clouds,-4.27,15.28,Hotel Murex
Yar-Sale,RU,51.93,light rain,66.83,70.83,Yalemd
Sao Joao Da Barra,BR,73.4,clear sky,-21.64,-41.05,Pousada Porto De Canoas
Dublin,US,66.99,clear sky,37.7,-121.94,Larkspur Landing Pleasanton
Ulaangom,MN,51.76,overcast clouds,49.98,92.07,Achit Nuur Hotel & Restaurant
Mirador,BR,88.63,overcast clouds,-6.37,-44.36,Pousada Casa Nova
Haimen,CN,77.0,broken clouds,23.19,116.61,Jinghao Business Hotel
Namibe,AO,78.8,few clouds,-15.2,12.15,Chik-Chik Namibe
Platteville,US,69.8,overcast clouds,42.73,-90.48,"Country Inn & Suites by Radisson, Platteville, WI"
Mogadishu,SO,82.4,broken clouds,2.04,45.34,Hotel Juba
Kodiak,US,50.0,clear sky,57.79,-152.41,Best Western Kodiak Inn and Convention Center
Xianyang,CN,80.01,overcast clouds,34.34,108.7,铁路大厦
Arraial Do Cabo,BR,71.6,broken clouds,-22.97,-42.03,Pousada Porto Praia
Kununurra,AU,69.8,scattered clouds,-15.77,128.73,Hotel Kununurra
Port Elizabeth,ZA,71.6,overcast clouds,-33.92,25.57,39 On Nile Guest House
Mahebourg,MU,77.0,shower rain,-20.41,57.7,Shandrani Beachcomber Resort & Spa
Yulara,AU,57.2,clear sky,-25.24,130.99,Desert Gardens Hotel - Ayers Rock Resort
Salalah,OM,78.8,overcast clouds,17.02,54.09,HAMDAN PLAZA HOTEL
Touros,BR,84.2,scattered clouds,-5.2,-35.46,INN NEW HORIZON
Baixo Guandu,BR,77.4,clear sky,-19.52,-41.02,Hotel e Restaurante Barbosa
Bathsheba,BB,86.0,broken clouds,13.22,-59.52,Atlantis Hotel
Bengkulu,ID,78.21,light rain,-3.8,102.27,Grage Hotel Bengkulu
Talcahuano,CL,51.8,broken clouds,-36.72,-73.12,Hotel Terramar
Namatanai,PG,79.34,light rain,-3.67,152.43,Namatanai Hotel
Rawson,AR,52.86,overcast clouds,-43.3,-65.1,Hotel Punta León
Moranbah,AU,60.53,broken clouds,-22.0,148.05,Direct Hotels - Monterey Moranbah
Avarua,CK,77.0,broken clouds,-21.21,-159.78,Paradise Inn
Panipat,IN,89.96,overcast clouds,29.39,76.97,SPOT ON 68644 Shri Shyam Guest House
Sao Felix Do Xingu,BR,86.79,scattered clouds,-6.64,-51.99,Apart Hotel Rio Xingu
Wakefield,GB,73.99,few clouds,53.68,-1.5,Hôtel Restaurant Campanile Wakefield
Mezhdurechenskiy,RU,62.89,scattered clouds,59.6,65.93,Hotel Berezka
Lompoc,US,55.4,mist,34.64,-120.46,Holiday Inn Express Lompoc
Bandarbeyla,SO,83.07,overcast clouds,9.49,50.81,REER XOOSHLE GROUP
Awjilah,LY,81.3,few clouds,29.11,21.29,
Sao Domingos,BR,81.75,clear sky,-13.4,-46.32,Hotel e Restaurante Uirapuru (Márcio uirapuru )Em São Domingos -Go
Acapulco,MX,75.2,scattered clouds,16.86,-99.89,HS Hotsson Smart Acapulco
Tayoltita,MX,87.62,clear sky,24.08,-105.93,Hotel Rivera Tayoltita
Castro,BR,63.54,clear sky,-24.79,-50.01,CHACARA BAILLY
Ulladulla,AU,53.6,broken clouds,-35.35,150.47,Sandpiper Motel
Puyang,CN,70.75,overcast clouds,29.46,119.89,Xianhua Sandalwood Celebrity Hotel
Agbor,NG,85.3,moderate rain,6.25,6.19,MIRAMAS HOTEL
Dwarka,IN,84.87,clear sky,22.24,68.97,Hotel Narayan Avezika Comfort
Los Llanos De Aridane,ES,73.4,scattered clouds,28.66,-17.92,Valle Aridane
Igrim,RU,54.73,broken clouds,63.19,64.42,Obshchezhitiye Uchebno-Proizvodstvennogo Tsentra
Mantua,IT,81.0,scattered clouds,45.17,10.78,Hotel la Favorita
Half Moon Bay,US,62.01,few clouds,37.46,-122.43,"The Ritz-Carlton, Half Moon Bay"
Three Hills,CA,57.99,clear sky,51.7,-113.27,Best Western Diamond Inn
Hasaki,JP,64.4,broken clouds,35.73,140.83,Inubosaki Kanko Hotel
Broken Hill,AU,53.6,clear sky,-31.95,141.43,Daydream Motel & Cottages
Bethel,US,72.0,overcast clouds,41.37,-73.41,Courtyard by Marriott Danbury
Beloha,MG,68.9,overcast clouds,-25.17,45.05,
San Patricio,MX,69.8,clear sky,19.22,-104.7,Hotel Cabo Blanco
Pak Phanang,TH,84.02,light rain,8.35,100.2,Green Park Inn Hotel
Manokwari,ID,80.67,broken clouds,-0.87,134.08,Swiss Belhotel Manokwari
Savona,IT,73.4,clear sky,44.3,8.27,B&B Le Stanze del Moro
Fort-Shevchenko,KZ,76.71,broken clouds,44.51,50.26,Oasis hotel Bautino
Hearst,CA,70.3,overcast clouds,49.68,-83.67,Companion
Hudiksvall,SE,55.98,overcast clouds,61.73,17.1,Best Western Hotell Hudik
Bridgetown,BB,86.0,broken clouds,13.1,-59.62,Hilton Barbados Resort
Khasan,RU,55.49,clear sky,42.43,130.64,Krako Motorkár
Ormara,PK,86.23,few clouds,25.21,64.64,
Mikkeli,FI,60.8,few clouds,61.69,27.27,"Original Sokos Hotel Vaakuna, Mikkeli"
Matangad,PH,75.99,overcast clouds,8.58,124.37,Lagoon Beach Resort
Digha,IN,84.83,clear sky,21.68,87.55,Khoniker Atithi
Mandan,US,60.8,clear sky,46.83,-100.89,Twin City Estates
Hoquiam,US,57.99,clear sky,46.98,-123.89,Econo Lodge Inn & Suites
Daru,PG,78.01,light rain,-9.08,143.21,New century hotel
Kamaishi,JP,54.39,clear sky,39.27,141.88,Hotel Route Inn Kamaishi
Tonantins,BR,80.58,light rain,-2.87,-67.8,Hotel Rei Davi
Avera,US,75.2,overcast clouds,33.19,-82.53,
Vostochnyy,RU,68.0,overcast clouds,55.82,37.87,MarianHall
Sterling,US,75.0,light rain,39.01,-77.43,Hampton Inn & Suites Washington-Dulles International Airport
Mutata,CO,78.76,light rain,7.24,-76.44,Hotel Gran Vía Mutatá
Lahij,YE,87.26,light rain,13.17,44.58,
Tecoanapa,MX,83.23,clear sky,16.52,-98.75,Hotel Manglares
Alofi,NU,73.4,broken clouds,-19.06,-169.92,Taloa Heights
Coulommiers,FR,77.0,scattered clouds,48.81,3.08,Hôtel Première Classe Coulommiers
Riverton,US,71.01,clear sky,40.52,-111.94,Ramada by Wyndham Draper
Victoria,HK,80.01,clear sky,22.29,114.16,Mini Hotel Central
Mkushi,ZM,74.75,scattered clouds,-13.62,29.39,Njombe Lodge
Tubuala,PA,81.0,broken clouds,9.52,-79.03,
Concordia,AR,63.0,clear sky,-31.39,-58.02,Palmar Hotel Casino
Puerto Barrios,GT,82.4,scattered clouds,15.72,-88.6,Amatique Bay Resort & Marina
Mount Isa,AU,66.2,overcast clouds,-20.73,139.5,ibis Styles Mt Isa Verona
Grand Gaube,MU,75.0,scattered clouds,-20.01,57.66,Veranda Paul et Virginie Hotel & Spa
Ekibastuz,KZ,65.53,clear sky,51.67,75.37,
Sept-Iles,CA,60.01,broken clouds,50.2,-66.38,Comfort Inn
Zhangye,CN,67.55,clear sky,38.93,100.45,Zhangye Lvzhou Holiday Inn
Isangel,VU,73.62,few clouds,-19.55,169.27,Volcano Sea View Tree House
Hami,CN,67.55,broken clouds,42.8,93.45,Laoyutang Resort
Port Hardy,CA,50.0,overcast clouds,50.7,-127.42,Airport Inn
Kupang,ID,78.3,few clouds,-10.17,123.58,Sylvia Hotel Premier Kupang
Lasa,IT,59.0,broken clouds,46.62,10.7,Pension Feldgärtenhof
Krompachy,SK,64.99,light rain,48.91,20.88,Hotel Plejsy
Morant Bay,JM,86.0,few clouds,17.88,-76.41,Whispering Bamboo Cove Resort
Ballina,AU,64.4,overcast clouds,-28.87,153.57,Ramada Hotel & Suites by Wyndham Ballina Byron
Ixtapa,MX,80.01,overcast clouds,20.7,-105.2,Container Inn Puerto Vallarta
Roebourne,AU,71.42,clear sky,-20.78,117.13,Harding River Caravan Park
Kahului,US,70.0,clear sky,20.89,-156.47,Maui Seaside Hotel
Entre Rios,BR,77.49,light rain,-11.94,-38.08,Pousada Porteira
Port Lincoln,AU,55.63,clear sky,-34.73,135.87,Port Lincoln Hotel
Nerchinskiy Zavod,RU,53.29,light rain,51.31,119.61,Tat'yana
Witu,KE,79.23,few clouds,-2.39,40.44,
Marawi,PH,75.99,light rain,8.0,124.29,Derogongan Residence
Faya,SA,84.2,scattered clouds,18.39,42.45,مقبرة ال مجمل
Weyburn,CA,54.0,clear sky,49.67,-103.85,Perfect Inns & Suites
Telemaco Borba,BR,69.06,clear sky,-24.32,-50.62,Vespasiano Hotel Telêmaco Borba
Loandjili,CG,82.4,few clouds,-4.76,11.86,Résidence ARCHANGE
Yumen,CN,67.5,overcast clouds,40.28,97.2,
Necochea,AR,57.99,overcast clouds,-38.55,-58.74,dyd -mar Hotel
Dhidhdhoo,MV,80.87,overcast clouds,6.88,73.1,Dhidhoo beach
Niteroi,BR,73.4,broken clouds,-22.88,-43.1,OYO Viareggio Hotel - Niterói
Sao Filipe,CV,78.6,clear sky,14.9,-24.5,Tortuga B&B
Khani,GE,66.2,broken clouds,41.96,42.96,კურორტი ზეკარი/Resort Zekari
Hailey,US,59.0,few clouds,43.52,-114.32,Wood River Inn & Suites
Hilton Head Island,US,82.0,broken clouds,32.22,-80.75,Hampton Inn Hilton Head
Tarakan,ID,84.16,overcast clouds,3.3,117.63,Hotel D' CaLia Tarakan
Elizabeth City,US,75.99,mist,36.29,-76.25,Hampton Inn Elizabeth City
Nanakuli,US,73.4,overcast clouds,21.39,-158.15,Camp Palehua
Codo,BR,88.66,scattered clouds,-4.46,-43.89,Hotel Porto do Sol
Vientiane,LA,77.18,light rain,17.97,102.6,Don Chan Palace Hotel & Convention
Bud,US,68.0,overcast clouds,39.45,-86.18,Madsion Scouts Camp
Antofagasta,CL,64.4,broken clouds,-23.65,-70.4,Hotel Terrado Suites Antofagasta
Fare,PF,81.59,light rain,-16.7,-151.02,Maitai Lapita Village Huahine
Clayton,US,75.99,light intensity drizzle,33.53,-84.37,Royal Inn
Inirida,CO,82.69,light rain,3.87,-67.92,Fuente del Guania Hotel de Lujo
Tres Arroyos,AR,57.02,overcast clouds,-38.37,-60.28,Habitacion Triple con baño y entrada privada
Praia Da Vitoria,PT,64.4,few clouds,38.73,-27.07,Hotel Branco I
Lashio,MM,66.27,light rain,22.93,97.75,Hotel CF Lashio - Burmese Only
Shu,KZ,77.0,clear sky,43.6,73.76,Shyngyzkhan
Dunmore Town,BS,79.0,broken clouds,25.5,-76.65,Coral Sands Hotel
Eganville,CA,79.0,scattered clouds,45.53,-77.1,Egan Inn
College,US,50.0,broken clouds,64.86,-147.8,Pike's Waterfront Lodge
Leh,IN,51.12,broken clouds,34.17,77.58,Hotel Ladakh Greens
Wajima,JP,59.99,clear sky,37.4,136.9,Wajiima Onsen Yashio
Chirongui,YT,80.6,scattered clouds,-12.93,45.15,La Villa Mahatsara
Vila Franca Do Campo,PT,64.4,few clouds,37.72,-25.43,Pestana Bahia Praia
Altay,CN,55.18,broken clouds,47.87,88.12,Jinqiao Hotel
Hofn,IS,50.0,haze,64.25,-15.21,Hótel Höfn
Broome,US,75.0,overcast clouds,42.25,-75.83,Chenango Valley State Park
Ponta Do Sol,PT,71.01,broken clouds,32.67,-17.1,Hotel do Campo
Trelew,AR,52.97,overcast clouds,-43.25,-65.31,Hotel Touring Club
Le Port,RE,75.2,clear sky,-20.94,55.29,Villa Maido
Port Hedland,AU,66.2,broken clouds,-20.32,118.57,The Esplanade Hotel
Port Blair,IN,84.63,overcast clouds,11.67,92.75,Hotel Sentinel
Nishihara,JP,77.0,overcast clouds,26.18,127.76,Minshuku Agaihama
Saint-Leu,RE,75.2,clear sky,-21.15,55.28,La Caz Oceane
Georgetown,MY,86.0,few clouds,5.41,100.34,Cititel Penang
Wattegama,LK,79.84,light rain,6.8,81.48,
Kuandian,CN,52.95,clear sky,40.73,124.78,Hi Inn Dandong Kuandian Ji Xian Garden
Robertson,US,73.4,overcast clouds,36.52,-86.87,Hampton Inn Springfield
Ranong,TH,82.63,overcast clouds,9.97,98.63,Tinidee Hotel@Ranong
Saint Anthony,US,68.0,overcast clouds,45.02,-93.22,Holiday Inn Express Roseville-St. Paul
Sungairaya,ID,80.58,broken clouds,0.7,108.9,808 artel
Margate,GB,62.01,clear sky,51.38,1.39,Premier Inn Margate hotel
Ambanja,MG,75.52,clear sky,-13.68,48.45,Hotel Marrakech
Turayf,SA,89.6,clear sky,31.67,38.66,Swiss Spirit Hotel & Suites Turaif
Fort Nelson,CA,50.0,few clouds,58.81,-122.7,The Fort Nelson Hotel
Yarmouth,US,71.01,scattered clouds,41.71,-70.23,The Inn At Cape Cod
Catamarca,AR,66.99,clear sky,-28.47,-65.79,Amerian Catamarca Park Hotel
Cockburn Town,TC,84.2,broken clouds,21.46,-71.14,Osprey Beach Hotel
Sabzevar,IR,87.46,clear sky,36.21,57.68,پارکینگ وسایل سنگین جنوب
Tuy Hoa,VN,79.5,light rain,13.08,109.3,CenDeluxe Hotel Tuy Hoa
Butterworth,MY,86.0,few clouds,5.4,100.36,Cititel Penang
Shahrud,IR,80.15,clear sky,36.42,54.98,Royal Hotel
Port-Cartier,CA,60.01,broken clouds,50.03,-66.87,Le Q'Artier
Ishigaki,JP,80.33,scattered clouds,24.34,124.16,Hotel Peace Land Ishigakijima
Keflavik,IS,53.6,mist,64.0,-22.56,Hotel Keflavik
Karratha,AU,69.85,clear sky,-20.74,116.85,ibis Styles Karratha
Taguatinga,BR,86.32,few clouds,-12.39,-46.57,
Lagoa,PT,58.82,scattered clouds,39.05,-27.98,Casa Das Faias
Santiago Del Estero,AR,69.48,clear sky,-27.8,-64.26,Hotel Urbano
Balikpapan,ID,75.06,light rain,-1.27,116.83,Swiss-Belhotel Balikpapan
Santa Cruz De Tenerife,ES,78.8,overcast clouds,28.47,-16.25,Hotel Silken Atlántida
Shiyan,CN,71.74,overcast clouds,32.65,110.78,Karen International Hotel
Geraldton,AU,60.8,broken clouds,-28.77,114.6,Broadwater Mariner Resort
Plouzane,FR,78.8,clear sky,48.38,-4.62,Résidence Nemea Iroise Armorique
Sao Paulo De Olivenca,BR,83.14,light rain,-3.38,-68.87,
Crestview,US,84.0,light rain,30.76,-86.57,Holiday Inn Express & Suites Crestview South I-10
Constitucion,CL,58.01,overcast clouds,-35.33,-72.42,Hotel Boutique Las Azucenas
San Isidro,PE,68.0,overcast clouds,-12.12,-77.05,Radisson Hotel Decapolis Miraflores
Manggar,ID,83.32,overcast clouds,-2.88,108.27,Guest Hotel
Ojinaga,MX,86.0,clear sky,29.57,-104.42,Suites Las Palmas
Krasnoselkup,RU,54.23,overcast clouds,65.7,82.47,Krasnosel'kupnefteprodukt
Ahipara,NZ,60.17,moderate rain,-35.17,173.17,Ahipara Holiday Park
Vieux-Habitants,GP,87.8,broken clouds,16.06,-61.77,Gîtes Dardanelle
Lithakia,GR,75.2,few clouds,37.72,20.83,Zante Plaza Hotel & Apartments
Zheleznodorozhnyy,RU,68.0,overcast clouds,55.75,38.0,Hotel Dali
Barra,BR,84.99,clear sky,-11.09,-43.14,Pousada Bahia
Pamanukan,ID,79.92,overcast clouds,-6.28,107.81,Paris Day Hotel Pamanukan
Kendari,ID,77.5,light rain,-3.94,122.5,Hotel Wixel
Khatra,IN,88.54,broken clouds,22.98,86.85,Aranyak Resort Mukutmanipur
San Quintin,MX,65.07,overcast clouds,30.48,-115.95,Old Mill Hotel
Aksay,RU,84.2,clear sky,47.26,39.87,Chernaya Zhemchuzhina
Salta,AR,60.8,clear sky,-24.79,-65.41,Hotel Alejandro I
Zlitan,LY,71.71,clear sky,32.47,14.57,القسم الداخلي للجامعة الأسمرية
Ponta Delgada,PT,64.4,few clouds,37.73,-25.67,Vila Nova Hotel
Portland,US,66.99,overcast clouds,45.52,-122.68,Portland Marriott City Center
Cam Ranh,VN,86.0,few clouds,11.92,109.16,OYO 598 Peony Hotel
Quibdo,CO,82.31,light rain,5.69,-76.66,Hotel Angeles
San Buenaventura,MX,84.0,clear sky,27.08,-101.53,Hotel Gran Plaza
Washington,US,60.01,overcast clouds,47.5,-120.5,"Cashmere Cider Mill Guest Suites, Weddings & Tasting Room"
Bacolod,PH,81.86,overcast clouds,10.67,122.95,Planta Hotel & Residences
Ampanihy,MG,68.43,broken clouds,-24.7,44.75,Angora Hotel
Altamira,BR,85.55,light rain,-3.2,-52.21,Requinte Hotel
Carroll,US,72.0,moderate rain,39.55,-77.02,Best Western Westminster Hotel
Yatou,CN,59.18,clear sky,37.15,122.38,GreenTree Hotel Rongcheng Bus Station
Lorengau,PG,80.31,light rain,-2.02,147.27,Lorengau Harbourside Hotel
Chandbali,IN,84.29,overcast clouds,20.78,86.77,KABITA HOMES
Puerto Escondido,MX,82.4,few clouds,15.85,-97.07,Aldea del Bazar Hotel and Spa
Hamilton,US,73.99,overcast clouds,39.18,-84.53,Six Acres Bed & Breakfast
Noumea,NC,73.99,clear sky,-22.28,166.46,Hôtel Le Lagon
Vila,PT,89.01,scattered clouds,42.03,-8.16,Hotel Castrum Villae
Jimenez,MX,71.6,clear sky,28.33,-105.4,Hacienda Las Marias
Peterhead,GB,69.8,scattered clouds,57.51,-1.8,Palace Hotel
Porto Belo,BR,70.0,few clouds,-27.16,-48.55,Costa Verde Beach Hotel
Savasleyka,RU,66.83,broken clouds,55.46,42.32,
Preobrazheniye,RU,55.29,broken clouds,42.9,133.91,Campsite Orlan
Osoyoos,CA,57.2,broken clouds,49.03,-119.45,Watermark Beach Resort Hotel
Wanning,CN,80.42,overcast clouds,18.8,110.4,Paradise Hotel
Kirkland Lake,CA,73.4,broken clouds,48.14,-80.04,Comfort Inn
Cayenne,GF,82.4,light rain,4.93,-52.33,Hôtel Le Dronmi
Clarence Town,AU,55.99,light rain,-32.58,151.78,River Downs Cottage
Korla,CN,74.23,clear sky,41.76,86.15,Gulisitan Hotel
Bonga,ET,65.52,light rain,7.28,36.23,Harone Hotel ሀሮኔ ሆቴል
Poum,NC,75.67,broken clouds,-20.23,164.02,Gîte kajeon
Meulaboh,ID,81.12,overcast clouds,4.14,96.13,Kost Pria
Nouadhibou,MR,78.8,clear sky,20.93,-17.03,El Medina
Omboue,GA,77.94,light rain,-1.57,9.26,Hotel Olako
Paraiso,CR,77.0,light rain,9.84,-83.87,Rinconcito Verde
Carauari,BR,79.77,overcast clouds,-4.88,-66.9,Pousada Lobo
Port Hueneme,US,60.8,mist,34.15,-119.2,Hampton Inn Channel Islands Harbor
Paita,PE,75.2,clear sky,-5.09,-81.11,Hotel Náutico de Paita
Lima,PE,68.0,overcast clouds,-12.04,-77.03,Gran Hotel Bolivar Lima
San Cristobal,VE,82.4,scattered clouds,7.77,-72.22,Pirineos
Sao Gabriel Da Cachoeira,BR,86.18,light rain,-0.13,-67.09,Alarne - Área De Lazer Do Alto Rio Negro
Fortuna,US,57.0,overcast clouds,40.6,-124.16,Super 8 by Wyndham Fortuna
Tevaitoa,PF,81.99,light rain,-16.78,-151.5,Hôtel Raiatea Lodge
Axim,GH,84.33,light rain,4.87,-2.24,AXIM BEACH RESORT AND SPA
Superior,US,68.0,overcast clouds,46.72,-92.1,Holiday Inn Express & Suites Superior - Duluth Area
Havelock,US,75.0,light rain,34.88,-76.9,Holiday Inn Express and Suites Havelock
Neiafu,TO,69.8,few clouds,-18.65,-173.98,Mystic Sands
Rio Grande,BR,72.0,clear sky,-32.03,-52.1,Swan Express Rio Grande
Camp Verde,US,78.01,clear sky,34.56,-111.85,Days Inn by Wyndham Camp Verde Arizona
Rocha,UY,66.11,clear sky,-34.48,-54.33,Beleza Pura B&B
Zhukovka,RU,60.8,scattered clouds,53.53,33.73,Country Park Hotel Slavyanka
Carballo,ES,84.2,scattered clouds,43.21,-8.69,Pazo do Souto
Veszto,HU,68.0,few clouds,46.92,21.27,Origó Szálláshely
Thohoyandou,ZA,63.72,clear sky,-22.95,30.48,Masili Guesthouse & Conference
Tomatlan,MX,82.06,few clouds,19.93,-105.25,Norma franco
Palmerston,AU,73.4,scattered clouds,-12.49,130.98,Quest Palmerston - Serviced Apartments and Accommodation
Kavaratti,IN,86.43,overcast clouds,10.57,72.64,Bismillah Hotel And Lodging
Canutama,BR,82.4,broken clouds,-6.53,-64.38,Hotel Jhennifer
Nieuwpoort,BE,68.0,few clouds,51.12,2.77,Hotel Gemeente Huis
Chagoda,RU,66.83,broken clouds,59.16,35.33,Rodnik
Lamar,US,73.0,light rain,33.67,-95.58,Kings Inn Paris TX
Majene,ID,78.8,light rain,-3.54,118.97,Kost Putri RABBANI
Iskateley,RU,56.7,overcast clouds,67.68,53.15,Hostel Agat
Georgiyevka,KZ,71.6,clear sky,43.04,74.71,Gostinitsa Dostyk 1 U Zheni
Providencia,MX,82.99,clear sky,28.72,-111.58,
Nelson Bay,AU,55.99,light rain,-32.72,152.15,Mantra Nelson Bay
Zhuanghe,CN,59.0,overcast clouds,39.7,122.99,Hanting Express Dalian Zhuanghe Qiansheng
Burnie,AU,50.0,scattered clouds,-41.07,145.92,Beachfront Voyager Motor Inn
Haines Junction,CA,52.32,clear sky,60.75,-137.51,Parkside Inn
Erzin,TR,71.01,clear sky,36.96,36.2,Artemis Otel
Gerede,TR,50.74,light rain,40.8,32.2,Hotel Konuk
Jaffna,LK,84.99,scattered clouds,9.67,80.01,Green Grass Hotel & Restaurant
Barstow,US,77.0,clear sky,34.9,-117.02,"Motel 6 Barstow, CA"
Marystown,CA,54.19,overcast clouds,47.17,-55.15,Marystown Hotel & Convention Centre
Arona,ES,80.01,few clouds,28.1,-16.68,Paradise Court
Surt,LY,70.54,clear sky,31.21,16.59,City Hotel
Zharkovskiy,RU,66.0,broken clouds,55.85,32.27,"Gostinitsa ""Mezha"""
Aquiraz,BR,87.8,broken clouds,-3.9,-38.39,Pousada Rua Camurupim
Guantanamo,CU,87.01,broken clouds,20.14,-75.21,Hotel Marti
Charters Towers,AU,59.11,clear sky,-20.1,146.27,Cattleman's Rest Motor Inn
Saldanha,ZA,60.8,overcast clouds,-33.01,17.94,Blue Bay Lodge
Kathmandu,NP,69.8,few clouds,27.72,85.32,Hotel Shanker Kathmandu
Ust-Maya,RU,50.14,light rain,60.42,134.53,
Ayacucho,PE,55.4,overcast clouds,-13.16,-74.22,Hotel Incasol
Kieta,PG,80.11,overcast clouds,-6.22,155.63,
Sarkand,KZ,57.81,clear sky,45.41,79.92,Гостиница Сарканд
Moa,CU,83.68,overcast clouds,20.66,-74.94,Renta en Divisa
Kruisfontein,ZA,60.03,overcast clouds,-34.0,24.73,Oyster Bay House Rental
Suez,EG,84.49,clear sky,29.97,32.53,Green House
Kamina,CD,79.05,overcast clouds,-8.74,24.99,Guest House la Grace
Naron,ES,84.2,few clouds,43.52,-8.15,Marcial
Varkaus,FI,62.6,clear sky,62.32,27.87,Hotel Oscar
Inhambane,MZ,75.2,few clouds,-23.86,35.38,MHL Turismo SA
Shenjiamen,CN,70.72,overcast clouds,29.96,122.3,Jinjiang Inn Zhoushan Putuo Shenjiamen
Basco,PH,83.89,light rain,20.45,121.97,Nathaniel's Lodge
Mahon,ES,73.4,few clouds,39.89,4.27,Hotel Catalonia Mirador des Port
Stony Plain,CA,54.0,clear sky,53.53,-114.0,Travelodge by Wyndham Stony Plain
Tweed,CA,73.99,overcast clouds,44.48,-77.32,Park Place Motel & Suites
Waycross,US,84.0,scattered clouds,31.21,-82.35,Super 8 by Wyndham Waycross GA
Pangkalanbuun,ID,75.25,overcast clouds,-2.68,111.62,Grand Kecubung Hotel
Sfantu Gheorghe,RO,59.0,moderate rain,45.87,25.78,Hotel Park Sfantu Gheorghe
Pimentel,PE,69.8,overcast clouds,-6.84,-79.93,Casona Del Muelle
Pinega,RU,63.46,light rain,64.7,43.39,"Gostevoy Dom Ooo ""Pinezh'yeles"""
Laguna,US,73.0,clear sky,38.42,-121.42,Holiday Inn Express & Suites Elk Grove Central - Hwy 99
Stornoway,GB,68.0,scattered clouds,58.21,-6.39,Caladh Inn
Zaysan,KZ,57.69,clear sky,47.47,84.87,Gostinitsa Aray
Port Macquarie,AU,55.99,clear sky,-31.43,152.92,Rydges Port Macquarie
Monki,PL,63.0,overcast clouds,53.41,22.8,Zajazd Mońki
Shasta Lake,US,77.0,clear sky,40.68,-122.37,Shasta Dam Motel
Padang,ID,81.48,overcast clouds,-0.95,100.35,Mercure Padang
Vao,NC,73.29,scattered clouds,-22.67,167.48,Hotel Kou-Bugny
Lubao,PH,82.4,broken clouds,14.92,120.55,
Praya,CV,86.0,clear sky,14.92,-23.51,LT Aparthotel
Makiyivka,UA,74.26,clear sky,48.05,37.93,Hotelʹno-Restorannyy Kompleks Melʹnytsa
Havre-Saint-Pierre,CA,55.4,broken clouds,50.23,-63.6,Auberge Niapiskau
Palmer,US,73.0,overcast clouds,42.16,-72.33,Wedgewood Motel
Springdale,US,66.0,mist,36.19,-94.13,Springdale Inn
Rochelle,FR,82.4,clear sky,46.25,-1.0,Le Clos des Palmiers
Buala,SB,81.45,overcast clouds,-8.14,159.59,Maringe Lagoon Lodge
Waingapu,ID,78.67,broken clouds,-9.66,120.26,Pondok Wisata Elim
Renqiu,CN,83.12,few clouds,38.7,116.09,City Garden Renqiu Meishicheng Store
Snyder,US,75.2,clear sky,32.72,-100.92,Holiday Inn Express & Suites Snyder
Bontang,ID,75.88,light rain,0.13,117.5,Okra Leaf Guest House Syariah
Kisesa,TZ,78.57,broken clouds,-3.08,34.15,
Husavik,IS,57.2,broken clouds,66.04,-17.34,Bjarnabúð
Miranda,CO,77.0,broken clouds,3.25,-76.23,Parqueadero toño lasso
Brae,GB,57.2,broken clouds,60.4,-1.35,Busta House Hotel
Emmett,US,66.99,broken clouds,43.87,-116.5,Holiday Motel & R.V Park
Santa Rosalia,MX,81.0,clear sky,27.32,-112.28,Hotel Las Casitas Santa Rosalia
Sao Pedro Do Sul,BR,69.12,clear sky,-29.62,-54.18,Sítio Hotel e Eventos
Tual,ID,82.0,moderate rain,-5.67,132.75,Grand Vilia Hotel
Alangayam,IN,85.28,overcast clouds,12.6,78.75,Sri Bhuvaneshwari Mahal
Podporozhye,RU,59.05,overcast clouds,60.91,34.17,U Maksimycha
Strai,NO,60.01,clear sky,58.2,7.9,Mosterøy
Bambous Virieux,MU,77.0,shower rain,-20.34,57.76,Casa Tia Villa
Eureka,US,57.0,clear sky,40.8,-124.16,Eureka Inn
Tadine,NC,72.16,few clouds,-21.55,167.88,
Orahovac,XK,59.0,scattered clouds,42.4,20.65,Esra Palace
Tabou,CI,82.49,light rain,4.42,-7.35,hotêl doufoulougou
Ambilobe,MG,74.25,clear sky,-13.2,49.05,Hôtel & Restaurant DIANA Ambilobe
Tiznit,MA,80.28,clear sky,29.58,-9.5,
Thinadhoo,MV,84.85,broken clouds,0.53,72.93,
Killybegs,IE,77.0,overcast clouds,54.63,-8.45,Tara Hotel
Kodyma,UA,55.0,moderate rain,48.1,29.12,"Hotel ""Kodyma"""
Vanimo,PG,79.29,light rain,-2.67,141.3,Vahmoneh Lodge Vanimo
Misratah,LY,71.24,clear sky,32.38,15.09,فندق الماسة
Pueblo Nuevo,MX,76.62,clear sky,23.38,-105.38,
Yarkovo,RU,69.13,light rain,57.4,67.08,Gostinitsa Shans
Peniche,PT,87.01,clear sky,39.36,-9.38,Hotel Star inn Peniche
Otradnoye,RU,59.0,broken clouds,59.78,30.82,Baza otdikha Petrushinsky Khutor
Gigmoto,PH,81.48,clear sky,13.78,124.39,Cj's Travellers Inn
Deep River,CA,73.4,scattered clouds,46.1,-77.5,Deep River Motel
Micheweni,TZ,79.9,clear sky,-4.97,39.83,
Alihe,CN,59.13,overcast clouds,50.57,123.72,Alihe Forestry Hotel
Mercedes,AR,66.0,clear sky,-34.65,-59.43,Posada del Inti Centro
